{"cameraMode":{"drawMode":0,"name":"Shaded","section":"Shading Mode"},"sceneLighting":false,"audioPlay":false,"sceneViewState":{"m_AlwaysRefresh":false,"showFog":true,"showSkybox":false,"showFlares":true,"showImageEffects":true,"showParticleSystems":true,"showVisualEffectGraphs":true,"m_FxEnabled":true},"in2DMode":false,"pivot":{"x":-0.5980280041694641,"y":-0.2475997805595398,"z":0.028101623058319093},"rotation":{"x":0.09288898855447769,"y":-0.8899850249290466,"z":0.209604874253273,"w":0.39430543780326846},"size":1.9335616827011109,"orthographic":false}