{"cameraMode":{"drawMode":0,"name":"Shaded","section":"Shading Mode"},"sceneLighting":false,"audioPlay":false,"sceneViewState":{"m_AlwaysRefresh":false,"showFog":true,"showSkybox":false,"showFlares":true,"showImageEffects":true,"showParticleSystems":true,"showVisualEffectGraphs":true,"m_FxEnabled":true},"in2DMode":false,"pivot":{"x":1.035010576248169,"y":0.6540893316268921,"z":-1.4060487747192383},"rotation":{"x":0.03421651944518089,"y":0.9619183540344238,"z":-0.1429610252380371,"w":0.23071029782295228},"size":2.0500030517578127,"orthographic":false}